hour_of_day,day_of_week,activity_type,is_suspicious
6,Sunday,file_upload,1
19,Monday,file_download,1
14,Tuesday,suspicious_action,0
10,Saturday,login,0
7,Saturday,suspicious_action,0
20,Friday,file_upload,0
6,Saturday,file_upload,0
18,Wednesday,file_download,0
22,Sunday,suspicious_action,0
10,Thursday,login,1
10,Friday,login,0
23,Wednesday,logout,0
20,Wednesday,login,0
3,Monday,file_download,0
7,Saturday,file_download,0
23,Tuesday,login,0
2,Tuesday,login,0
21,Friday,logout,0
20,Sunday,login,0
1,Tuesday,logout,0
23,Thursday,logout,1
11,Tuesday,login,1
5,Friday,file_upload,1
1,Tuesday,file_upload,0
20,Thursday,logout,0
0,Monday,login,1
11,Sunday,file_upload,0
21,Friday,login,0
11,Monday,login,0
16,Monday,login,0
9,Monday,suspicious_action,1
15,Wednesday,login,0
14,Sunday,suspicious_action,0
14,Saturday,logout,0
18,Sunday,file_upload,0
11,Wednesday,file_upload,1
22,Saturday,file_upload,0
19,Sunday,file_upload,0
2,Monday,file_upload,1
4,Friday,file_upload,0
18,Saturday,file_upload,0
6,Thursday,logout,0
20,Thursday,login,0
8,Tuesday,file_download,0
6,Saturday,suspicious_action,0
17,Friday,file_download,0
3,Wednesday,file_download,0
13,Monday,login,1
17,Tuesday,login,0
8,Thursday,login,0
20,Wednesday,file_upload,0
1,Wednesday,logout,0
19,Monday,file_upload,0
14,Saturday,logout,1
6,Thursday,logout,1
11,Friday,file_download,0
7,Wednesday,file_download,1
14,Monday,logout,0
2,Friday,logout,0
13,Saturday,file_upload,0
16,Thursday,file_upload,1
3,Saturday,file_download,0
17,Wednesday,login,0
7,Friday,logout,0
3,Friday,file_upload,0
1,Friday,file_download,0
5,Wednesday,file_upload,1
21,Wednesday,logout,1
9,Saturday,logout,0
3,Tuesday,suspicious_action,1
21,Saturday,login,0
17,Thursday,suspicious_action,1
11,Monday,file_download,0
1,Friday,file_upload,0
9,Tuesday,file_download,0
3,Monday,logout,1
13,Tuesday,suspicious_action,0
15,Sunday,suspicious_action,0
14,Saturday,suspicious_action,0
7,Wednesday,file_download,0
13,Friday,logout,0
22,Saturday,file_upload,0
7,Monday,file_upload,1
20,Sunday,file_download,0
15,Sunday,suspicious_action,0
12,Sunday,login,0
17,Monday,file_download,1
14,Monday,file_download,1
20,Monday,logout,0
23,Monday,file_upload,0
12,Sunday,file_download,0
8,Sunday,file_download,0
14,Tuesday,suspicious_action,1
12,Saturday,suspicious_action,0
0,Friday,login,0
6,Wednesday,logout,0
8,Sunday,login,1
23,Wednesday,suspicious_action,0
0,Saturday,file_upload,0
11,Saturday,suspicious_action,0
7,Wednesday,logout,1
23,Sunday,suspicious_action,0
10,Wednesday,logout,0
18,Tuesday,logout,0
16,Thursday,logout,0
7,Sunday,logout,0
2,Sunday,logout,0
2,Friday,file_upload,0
0,Monday,login,0
4,Thursday,file_download,0
9,Saturday,login,1
6,Sunday,logout,0
8,Wednesday,file_upload,1
6,Thursday,suspicious_action,0
8,Friday,file_upload,0
7,Saturday,logout,0
11,Monday,file_upload,0
1,Monday,file_upload,0
0,Friday,logout,0
15,Friday,file_upload,0
22,Wednesday,file_download,1
22,Sunday,file_download,0
23,Monday,file_upload,1
4,Saturday,suspicious_action,0
2,Thursday,logout,0
11,Saturday,file_download,0
7,Tuesday,suspicious_action,0
21,Tuesday,file_upload,0
2,Friday,suspicious_action,0
0,Wednesday,login,0
2,Tuesday,file_download,0
4,Monday,file_upload,0
14,Saturday,logout,1
13,Saturday,file_upload,1
2,Friday,logout,0
0,Sunday,file_upload,0
4,Sunday,suspicious_action,0
22,Thursday,suspicious_action,0
13,Friday,suspicious_action,1
6,Thursday,login,0
8,Sunday,logout,0
14,Friday,suspicious_action,0
14,Friday,login,0
9,Friday,logout,0
12,Sunday,file_upload,1
18,Thursday,login,0
6,Thursday,file_download,0
16,Friday,login,1
19,Tuesday,login,0
3,Wednesday,logout,0
4,Sunday,file_upload,0
22,Wednesday,file_download,0
6,Wednesday,suspicious_action,1
12,Thursday,suspicious_action,0
14,Thursday,login,1
10,Tuesday,logout,0
3,Wednesday,logout,1
12,Wednesday,suspicious_action,0
6,Friday,file_download,1
18,Thursday,file_upload,0
21,Wednesday,file_download,1
1,Saturday,file_upload,0
9,Tuesday,suspicious_action,0
12,Saturday,file_upload,1
20,Saturday,logout,0
5,Sunday,login,1
11,Sunday,login,0
11,Tuesday,suspicious_action,0
19,Saturday,logout,0
10,Wednesday,file_download,0
22,Thursday,logout,0
6,Tuesday,login,0
0,Friday,login,0
0,Saturday,logout,0
19,Tuesday,logout,0
12,Monday,login,0
8,Monday,file_download,0
2,Sunday,suspicious_action,0
6,Thursday,suspicious_action,0
5,Wednesday,logout,1
7,Thursday,suspicious_action,1
8,Thursday,login,0
4,Thursday,login,0
0,Thursday,logout,1
18,Friday,logout,0
9,Friday,logout,0
11,Sunday,file_download,0
23,Tuesday,suspicious_action,0
14,Monday,logout,0
21,Thursday,file_upload,0
23,Sunday,file_upload,1
8,Tuesday,login,1
19,Monday,suspicious_action,0
16,Saturday,logout,0
16,Wednesday,file_upload,1
19,Friday,suspicious_action,0
11,Saturday,login,0
6,Monday,file_download,0
1,Saturday,suspicious_action,1
2,Wednesday,suspicious_action,0
16,Sunday,file_download,1
4,Monday,suspicious_action,1
16,Saturday,login,0
23,Friday,login,0
16,Friday,file_download,0
16,Tuesday,logout,0
1,Saturday,file_upload,0
1,Thursday,logout,0
21,Saturday,suspicious_action,0
22,Sunday,file_upload,1
4,Monday,file_download,0
0,Monday,file_download,0
0,Sunday,file_upload,0
18,Saturday,login,0
1,Sunday,file_upload,0
20,Wednesday,suspicious_action,0
11,Sunday,login,0
5,Friday,file_download,0
22,Sunday,file_upload,0
3,Monday,logout,0
22,Friday,logout,0
10,Monday,suspicious_action,1
23,Tuesday,logout,0
16,Thursday,file_upload,0
5,Monday,file_upload,0
23,Friday,logout,0
4,Tuesday,file_upload,0
19,Monday,suspicious_action,0
1,Wednesday,login,0
5,Sunday,suspicious_action,0
21,Thursday,suspicious_action,0
10,Monday,file_upload,0
15,Tuesday,login,0
15,Wednesday,file_upload,1
0,Saturday,file_download,0
8,Tuesday,file_upload,0
5,Sunday,file_upload,0
15,Tuesday,file_upload,0
2,Wednesday,login,0
19,Tuesday,file_upload,0
3,Wednesday,login,0
18,Monday,logout,0
2,Wednesday,file_download,0
18,Wednesday,login,0
19,Thursday,logout,0
6,Wednesday,login,0
19,Wednesday,login,0
8,Saturday,file_download,1
0,Monday,suspicious_action,0
7,Sunday,suspicious_action,0
6,Thursday,login,0
17,Saturday,file_upload,1
7,Friday,logout,0
0,Monday,file_upload,0
10,Monday,file_upload,0
17,Friday,login,0
22,Sunday,login,0
9,Wednesday,login,0
2,Saturday,login,1
6,Tuesday,suspicious_action,0
15,Thursday,login,0
15,Tuesday,suspicious_action,1
19,Friday,suspicious_action,0
16,Monday,login,0
1,Sunday,file_download,0
0,Monday,logout,0
15,Thursday,file_upload,0
11,Monday,suspicious_action,1
4,Monday,logout,0
4,Thursday,file_download,0
22,Saturday,file_upload,0
8,Saturday,file_upload,1
8,Thursday,suspicious_action,1
2,Sunday,login,1
18,Friday,file_download,0
15,Monday,suspicious_action,0
15,Sunday,file_download,0
2,Monday,login,0
19,Friday,login,0
23,Saturday,suspicious_action,0
21,Sunday,login,0
23,Wednesday,logout,0
0,Wednesday,file_upload,0
23,Wednesday,suspicious_action,0
19,Saturday,file_download,0
10,Saturday,logout,0
16,Friday,suspicious_action,0
7,Monday,login,0
3,Friday,login,0
5,Friday,login,0
7,Saturday,login,0
19,Wednesday,file_download,1
2,Tuesday,logout,0
15,Monday,file_upload,0
2,Saturday,file_download,0
17,Wednesday,file_download,0
13,Sunday,file_upload,0
17,Tuesday,file_upload,0
1,Tuesday,login,1
21,Saturday,file_download,0
2,Thursday,suspicious_action,1
15,Monday,file_upload,0
8,Tuesday,file_upload,0
3,Saturday,logout,1
0,Saturday,suspicious_action,0
3,Wednesday,suspicious_action,0
0,Sunday,file_upload,0
13,Thursday,login,0
20,Monday,logout,0
15,Friday,suspicious_action,0
19,Sunday,file_upload,0
23,Sunday,suspicious_action,0
7,Wednesday,logout,0
6,Tuesday,logout,0
2,Tuesday,file_download,0
16,Wednesday,file_upload,0
0,Saturday,logout,0
15,Tuesday,file_download,0
11,Thursday,file_download,1
18,Monday,suspicious_action,0
21,Sunday,suspicious_action,0
22,Sunday,file_download,0
21,Thursday,suspicious_action,0
13,Tuesday,logout,0
5,Sunday,login,0
5,Friday,logout,0
12,Monday,file_download,0
18,Monday,file_download,1
21,Sunday,logout,1
7,Wednesday,suspicious_action,1
1,Sunday,suspicious_action,0
20,Wednesday,file_download,0
0,Sunday,file_upload,0
14,Friday,suspicious_action,0
0,Saturday,logout,0
4,Monday,suspicious_action,0
15,Sunday,logout,0
18,Friday,file_download,0
3,Wednesday,suspicious_action,0
2,Wednesday,logout,0
16,Monday,file_download,0
16,Thursday,file_upload,1
11,Sunday,logout,0
13,Tuesday,file_upload,0
20,Wednesday,file_upload,0
5,Saturday,login,0
2,Saturday,suspicious_action,0
8,Wednesday,logout,0
4,Thursday,file_upload,0
23,Thursday,login,0
16,Friday,file_download,0
13,Saturday,logout,0
20,Friday,file_upload,0
2,Saturday,suspicious_action,0
0,Sunday,login,0
19,Sunday,file_upload,1
20,Tuesday,suspicious_action,0
22,Sunday,file_upload,0
0,Tuesday,logout,0
2,Sunday,logout,0
17,Monday,logout,0
9,Sunday,login,0
21,Friday,logout,1
2,Wednesday,suspicious_action,0
7,Friday,file_upload,0
13,Wednesday,file_download,0
23,Thursday,suspicious_action,0
17,Friday,suspicious_action,0
14,Thursday,logout,0
21,Tuesday,login,0
22,Tuesday,file_upload,0
1,Monday,login,0
9,Sunday,file_upload,1
1,Friday,file_upload,0
16,Thursday,login,1
7,Wednesday,suspicious_action,0
0,Tuesday,file_upload,1
8,Sunday,login,0
10,Tuesday,file_upload,1
21,Wednesday,file_download,1
15,Sunday,suspicious_action,0
6,Sunday,logout,1
9,Thursday,file_upload,0
22,Thursday,file_download,0
2,Friday,logout,0
17,Friday,logout,0
23,Saturday,file_upload,0
12,Saturday,login,0
6,Monday,file_upload,0
3,Tuesday,file_download,0
12,Friday,logout,1
19,Thursday,file_upload,0
0,Wednesday,login,0
7,Thursday,file_upload,0
13,Tuesday,suspicious_action,0
15,Saturday,login,0
13,Thursday,file_download,0
11,Monday,logout,0
18,Tuesday,file_upload,1
22,Saturday,login,0
14,Wednesday,suspicious_action,0
1,Saturday,login,0
1,Sunday,suspicious_action,0
22,Monday,file_download,0
21,Tuesday,logout,0
18,Wednesday,file_download,0
21,Monday,file_upload,0
21,Saturday,login,1
16,Monday,suspicious_action,1
19,Tuesday,suspicious_action,0
9,Friday,login,0
5,Monday,login,0
14,Sunday,file_upload,0
21,Monday,file_download,0
10,Saturday,suspicious_action,0
4,Saturday,file_upload,0
0,Wednesday,file_download,0
7,Saturday,file_upload,0
20,Thursday,suspicious_action,1
11,Tuesday,login,1
11,Tuesday,login,0
4,Friday,file_download,0
6,Friday,logout,1
3,Tuesday,file_download,0
5,Sunday,logout,0
12,Friday,file_upload,0
19,Wednesday,file_upload,0
14,Saturday,suspicious_action,0
2,Tuesday,logout,1
22,Friday,suspicious_action,1
7,Tuesday,login,0
19,Thursday,logout,0
15,Monday,file_download,1
12,Saturday,login,0
17,Tuesday,login,1
9,Monday,file_download,0
18,Friday,login,0
16,Monday,logout,0
23,Saturday,suspicious_action,0
18,Tuesday,login,0
22,Thursday,logout,0
4,Sunday,file_upload,0
20,Friday,logout,0
22,Tuesday,suspicious_action,0
8,Saturday,logout,1
11,Friday,file_download,1
20,Wednesday,suspicious_action,0
0,Monday,file_upload,1
0,Sunday,file_download,0
14,Saturday,logout,0
1,Wednesday,suspicious_action,1
21,Tuesday,file_upload,0
15,Thursday,file_download,0
7,Friday,file_upload,1
12,Monday,logout,0
20,Friday,file_upload,1
0,Sunday,login,1
15,Tuesday,file_download,0
6,Friday,file_upload,1
4,Monday,logout,0
21,Tuesday,logout,0
22,Friday,file_upload,0
2,Thursday,logout,1
11,Saturday,suspicious_action,0
15,Tuesday,suspicious_action,0
18,Saturday,suspicious_action,0
4,Tuesday,login,0
21,Thursday,file_upload,0
13,Saturday,login,0
4,Wednesday,logout,0
14,Monday,login,0
16,Wednesday,logout,1
13,Friday,logout,0
19,Thursday,file_download,0
4,Wednesday,suspicious_action,1
11,Tuesday,logout,0
15,Friday,file_download,1
15,Friday,suspicious_action,0
20,Wednesday,logout,1
6,Wednesday,logout,0
3,Thursday,login,0
0,Monday,login,0
4,Wednesday,suspicious_action,1
22,Sunday,logout,0
9,Wednesday,file_upload,0
21,Saturday,login,0
4,Tuesday,suspicious_action,0
3,Sunday,logout,0
1,Sunday,logout,0
19,Saturday,file_upload,1
9,Saturday,suspicious_action,0
18,Friday,logout,0
0,Monday,login,0
23,Tuesday,file_upload,0
4,Thursday,suspicious_action,0
12,Sunday,file_upload,0
3,Thursday,login,0
15,Wednesday,suspicious_action,0
23,Wednesday,file_upload,0
15,Thursday,file_download,1
22,Wednesday,login,1
1,Monday,login,0
16,Saturday,login,1
19,Wednesday,file_download,0
23,Friday,file_download,0
11,Wednesday,logout,0
17,Tuesday,file_upload,0
2,Monday,logout,0
0,Tuesday,file_upload,0
0,Tuesday,file_download,0
18,Friday,file_download,0
10,Monday,logout,0
4,Monday,suspicious_action,0
11,Monday,logout,0
2,Monday,file_upload,0
0,Monday,logout,1
0,Friday,login,1
7,Wednesday,file_upload,0
9,Tuesday,file_upload,1
10,Monday,suspicious_action,0
11,Sunday,file_download,0
12,Wednesday,file_upload,0
11,Wednesday,file_download,0
13,Tuesday,logout,1
1,Friday,login,0
18,Thursday,suspicious_action,0
17,Thursday,file_download,0
2,Wednesday,file_upload,0
22,Saturday,file_download,1
16,Saturday,file_upload,0
7,Tuesday,file_download,0
9,Thursday,file_upload,0
1,Wednesday,logout,0
18,Friday,file_upload,0
8,Thursday,file_upload,0
6,Wednesday,login,0
3,Wednesday,file_upload,0
20,Monday,login,1
17,Friday,suspicious_action,1
12,Monday,login,0
10,Tuesday,logout,0
23,Monday,login,0
3,Sunday,suspicious_action,0
20,Monday,logout,0
3,Sunday,file_download,0
9,Thursday,file_download,0
4,Saturday,login,0
8,Wednesday,login,0
23,Sunday,suspicious_action,0
2,Friday,suspicious_action,0
16,Monday,file_upload,0
2,Sunday,suspicious_action,0
15,Friday,file_upload,0
3,Saturday,logout,0
17,Saturday,login,0
16,Monday,logout,0
6,Tuesday,suspicious_action,0
23,Monday,logout,1
22,Thursday,logout,0
4,Sunday,logout,0
11,Wednesday,suspicious_action,0
16,Tuesday,logout,0
22,Monday,file_upload,0
12,Friday,suspicious_action,0
22,Tuesday,logout,0
2,Sunday,suspicious_action,1
8,Tuesday,file_download,0
16,Sunday,file_upload,0
16,Monday,logout,1
19,Sunday,file_download,0
15,Tuesday,file_download,1
21,Friday,suspicious_action,0
12,Saturday,file_download,1
18,Tuesday,file_upload,0
16,Sunday,file_upload,0
3,Saturday,login,0
11,Sunday,file_upload,0
8,Friday,file_download,0
18,Sunday,file_upload,0
11,Monday,suspicious_action,0
8,Wednesday,login,0
6,Tuesday,file_download,0
13,Wednesday,login,0
19,Sunday,file_download,1
18,Friday,suspicious_action,0
14,Tuesday,login,1
15,Sunday,logout,0
20,Saturday,file_download,0
4,Thursday,logout,0
2,Sunday,login,0
11,Wednesday,logout,0
19,Tuesday,logout,0
20,Wednesday,login,0
3,Tuesday,suspicious_action,1
20,Sunday,logout,0
22,Monday,logout,0
15,Saturday,suspicious_action,0
6,Sunday,logout,0
12,Wednesday,logout,0
20,Thursday,logout,0
9,Thursday,file_upload,0
6,Friday,suspicious_action,0
13,Tuesday,logout,0
4,Wednesday,suspicious_action,1
2,Friday,file_download,1
22,Wednesday,file_download,0
10,Tuesday,logout,0
10,Sunday,suspicious_action,0
17,Sunday,suspicious_action,1
14,Thursday,suspicious_action,0
11,Sunday,file_upload,0
8,Sunday,file_download,0
9,Monday,suspicious_action,0
11,Thursday,suspicious_action,0
16,Friday,file_upload,0
5,Saturday,file_upload,0
6,Monday,suspicious_action,0
13,Friday,login,0
12,Tuesday,suspicious_action,0
7,Monday,suspicious_action,0
9,Friday,file_upload,0
8,Tuesday,file_upload,1
17,Thursday,suspicious_action,0
1,Saturday,suspicious_action,0
4,Tuesday,suspicious_action,0
4,Sunday,file_upload,0
5,Wednesday,suspicious_action,0
18,Tuesday,suspicious_action,0
7,Tuesday,logout,1
15,Saturday,login,0
12,Wednesday,file_download,0
0,Sunday,login,0
21,Friday,logout,0
19,Friday,file_download,0
16,Tuesday,suspicious_action,0
6,Wednesday,logout,0
12,Wednesday,suspicious_action,0
3,Sunday,file_upload,0
3,Saturday,logout,0
5,Thursday,file_upload,0
18,Friday,logout,0
11,Saturday,logout,1
21,Monday,file_upload,0
6,Friday,file_download,0
9,Saturday,login,0
18,Friday,suspicious_action,0
6,Thursday,logout,0
2,Monday,suspicious_action,0
12,Thursday,file_upload,1
12,Sunday,suspicious_action,0
17,Monday,file_upload,0
19,Tuesday,suspicious_action,0
7,Saturday,login,1
8,Monday,login,0
6,Sunday,login,0
0,Sunday,login,0
2,Thursday,login,0
12,Friday,login,0
16,Monday,file_upload,0
23,Saturday,logout,0
0,Monday,suspicious_action,0
5,Wednesday,login,0
20,Friday,file_upload,0
5,Saturday,file_upload,0
11,Saturday,file_upload,1
12,Tuesday,logout,1
12,Thursday,suspicious_action,0
14,Tuesday,logout,1
20,Saturday,file_download,0
15,Friday,file_upload,0
21,Monday,file_download,0
20,Monday,login,0
10,Friday,login,0
4,Saturday,logout,0
3,Sunday,suspicious_action,0
2,Monday,file_download,0
18,Sunday,suspicious_action,0
19,Monday,logout,0
17,Monday,login,0
14,Thursday,suspicious_action,0
8,Thursday,suspicious_action,1
16,Wednesday,login,1
13,Tuesday,file_download,0
14,Friday,login,1
0,Friday,suspicious_action,0
20,Friday,file_download,1
21,Wednesday,file_download,0
21,Thursday,login,0
2,Saturday,suspicious_action,0
15,Sunday,logout,0
22,Sunday,suspicious_action,0
10,Saturday,file_upload,0
11,Wednesday,logout,0
9,Saturday,file_download,0
15,Friday,logout,0
7,Tuesday,file_download,1
5,Monday,file_download,0
11,Sunday,logout,0
23,Thursday,file_download,0
20,Thursday,file_download,0
7,Wednesday,file_upload,0
3,Thursday,suspicious_action,1
7,Friday,suspicious_action,0
17,Sunday,file_upload,0
4,Saturday,logout,1
8,Friday,login,0
3,Wednesday,login,0
21,Friday,login,0
16,Saturday,file_upload,0
8,Tuesday,file_upload,0
0,Wednesday,file_download,0
20,Tuesday,login,0
19,Monday,logout,1
12,Tuesday,logout,0
15,Monday,login,0
12,Monday,login,0
13,Tuesday,login,0
2,Wednesday,file_upload,0
5,Saturday,file_upload,0
17,Friday,file_upload,1
18,Friday,suspicious_action,0
4,Saturday,logout,0
14,Sunday,logout,0
1,Sunday,file_download,0
9,Monday,file_upload,0
23,Monday,suspicious_action,0
17,Wednesday,suspicious_action,0
12,Thursday,logout,0
4,Tuesday,file_upload,1
22,Monday,file_download,1
23,Friday,file_upload,0
0,Wednesday,login,1
21,Tuesday,file_upload,0
0,Wednesday,login,1
17,Tuesday,login,0
14,Tuesday,file_download,1
16,Saturday,logout,1
10,Monday,file_upload,0
20,Wednesday,login,1
21,Wednesday,file_upload,0
16,Saturday,logout,0
12,Friday,logout,0
0,Friday,suspicious_action,0
1,Sunday,logout,0
8,Monday,file_download,0
2,Monday,login,1
0,Thursday,suspicious_action,0
20,Saturday,file_download,0
15,Friday,file_upload,1
22,Tuesday,login,1
5,Wednesday,logout,1
16,Monday,login,0
4,Wednesday,file_upload,1
4,Wednesday,suspicious_action,0
5,Thursday,suspicious_action,0
2,Friday,suspicious_action,0
20,Monday,logout,0
22,Wednesday,file_download,0
4,Monday,file_download,0
20,Tuesday,login,0
4,Thursday,logout,0
9,Tuesday,suspicious_action,0
9,Monday,suspicious_action,0
18,Sunday,file_upload,0
16,Monday,file_upload,0
20,Friday,suspicious_action,0
13,Wednesday,suspicious_action,0
8,Wednesday,logout,1
13,Tuesday,file_download,0
0,Thursday,file_upload,0
18,Sunday,file_download,0
12,Saturday,logout,0
12,Wednesday,suspicious_action,1
3,Friday,file_download,0
0,Tuesday,suspicious_action,0
16,Tuesday,suspicious_action,0
7,Saturday,login,0
1,Friday,file_download,0
7,Thursday,file_download,0
6,Friday,suspicious_action,0
1,Thursday,logout,0
21,Friday,login,0
21,Friday,suspicious_action,1
2,Monday,file_upload,1
17,Tuesday,file_upload,0
11,Friday,login,0
0,Saturday,logout,0
21,Friday,suspicious_action,0
11,Wednesday,file_download,0
4,Tuesday,login,1
16,Wednesday,logout,1
15,Tuesday,file_download,0
14,Wednesday,file_upload,0
22,Friday,file_upload,0
14,Friday,file_download,0
4,Monday,login,0
20,Saturday,file_upload,0
13,Wednesday,suspicious_action,0
1,Thursday,file_download,0
10,Monday,file_download,0
18,Wednesday,file_upload,1
6,Wednesday,login,0
5,Monday,suspicious_action,0
1,Friday,login,0
5,Wednesday,logout,0
17,Friday,logout,0
1,Monday,file_upload,0
17,Friday,file_upload,1
14,Tuesday,file_upload,0
18,Thursday,logout,1
1,Sunday,login,0
19,Wednesday,login,0
5,Saturday,file_upload,0
0,Thursday,suspicious_action,0
23,Sunday,login,0
14,Friday,logout,0
22,Wednesday,file_download,0
9,Friday,file_download,1
18,Tuesday,file_download,1
16,Monday,suspicious_action,1
4,Wednesday,file_upload,0
3,Sunday,logout,0
9,Sunday,suspicious_action,0
23,Tuesday,logout,0
16,Tuesday,logout,0
9,Wednesday,file_upload,0
16,Friday,file_download,0
19,Saturday,file_upload,0
23,Sunday,suspicious_action,1
4,Sunday,suspicious_action,0
1,Tuesday,suspicious_action,0
5,Thursday,file_upload,0
20,Tuesday,logout,1
1,Saturday,logout,0
12,Friday,login,0
10,Friday,suspicious_action,1
10,Thursday,logout,1
15,Sunday,login,0
10,Tuesday,logout,0
18,Friday,suspicious_action,0
14,Saturday,file_download,0
22,Wednesday,suspicious_action,0
22,Monday,file_upload,1
15,Monday,logout,0
10,Monday,logout,0
21,Sunday,file_upload,0
15,Tuesday,file_upload,0
7,Thursday,file_download,0
3,Friday,logout,0
7,Wednesday,logout,0
3,Saturday,file_download,0
23,Wednesday,login,0
2,Saturday,file_download,0
2,Sunday,suspicious_action,1
17,Tuesday,logout,0
18,Monday,file_upload,0
18,Tuesday,suspicious_action,0
20,Sunday,logout,0
4,Thursday,file_download,0
17,Thursday,suspicious_action,0
9,Sunday,logout,1
21,Saturday,login,0
20,Friday,login,0
5,Friday,file_upload,0
0,Saturday,logout,1
4,Thursday,login,0
8,Thursday,file_download,0
11,Thursday,logout,0
13,Tuesday,file_download,0
1,Thursday,file_download,1
16,Wednesday,login,0
13,Monday,logout,0
12,Thursday,suspicious_action,1
8,Saturday,login,1
14,Monday,login,1
21,Tuesday,logout,0
14,Saturday,logout,0
23,Monday,file_download,0
10,Saturday,logout,0
15,Tuesday,file_download,0
16,Wednesday,login,0
3,Tuesday,file_upload,0
0,Tuesday,suspicious_action,0
7,Saturday,login,0
16,Sunday,logout,0
2,Friday,suspicious_action,1
19,Thursday,file_upload,0
14,Thursday,file_upload,0
14,Wednesday,file_download,0
23,Wednesday,suspicious_action,0
21,Thursday,file_download,0
13,Friday,login,0
22,Thursday,suspicious_action,0
13,Sunday,login,0
23,Friday,file_download,0
1,Wednesday,suspicious_action,0
12,Monday,file_download,1
13,Saturday,suspicious_action,1
23,Sunday,file_download,0
18,Sunday,file_upload,0
6,Wednesday,file_download,0
2,Wednesday,file_upload,1
14,Tuesday,file_download,0
22,Sunday,suspicious_action,0
13,Tuesday,suspicious_action,1
10,Tuesday,suspicious_action,0
14,Saturday,logout,1
12,Tuesday,login,0
17,Friday,suspicious_action,0
5,Thursday,file_upload,0
2,Monday,suspicious_action,1
18,Wednesday,logout,1
14,Friday,file_upload,0
22,Monday,logout,0
4,Sunday,file_upload,0
9,Sunday,file_download,1
6,Sunday,login,0
16,Friday,login,0
6,Friday,logout,0
21,Wednesday,login,0
11,Thursday,logout,0
16,Tuesday,logout,0
12,Sunday,logout,0
19,Saturday,login,1
3,Thursday,logout,0
9,Saturday,login,0
2,Wednesday,logout,1
8,Wednesday,suspicious_action,0
12,Wednesday,logout,0
17,Monday,file_upload,0
14,Saturday,logout,1
3,Thursday,file_download,0
14,Thursday,logout,1
21,Friday,file_upload,0
1,Friday,file_upload,0
14,Sunday,login,0
7,Friday,suspicious_action,1
7,Wednesday,logout,0
16,Thursday,login,1
11,Saturday,suspicious_action,0
18,Wednesday,logout,0
9,Monday,file_download,0
8,Friday,logout,1
4,Wednesday,file_upload,0
5,Wednesday,file_upload,0
19,Monday,file_download,0
1,Tuesday,login,1
23,Thursday,suspicious_action,0
12,Saturday,logout,0
5,Sunday,file_upload,0
4,Tuesday,login,0
0,Friday,file_download,0
20,Wednesday,file_upload,1
21,Monday,file_download,1
20,Monday,logout,0
5,Thursday,suspicious_action,0
5,Tuesday,file_upload,0
22,Sunday,file_upload,0
15,Thursday,logout,0
3,Wednesday,login,0
10,Thursday,suspicious_action,0
23,Saturday,file_upload,0
22,Monday,suspicious_action,0
8,Monday,file_upload,0
22,Friday,suspicious_action,0
2,Friday,file_download,0
18,Sunday,file_upload,0
7,Wednesday,suspicious_action,0
4,Saturday,login,0
3,Tuesday,file_download,0
23,Thursday,file_download,0
5,Sunday,login,0
1,Wednesday,suspicious_action,0
19,Friday,logout,1
10,Thursday,login,0
3,Friday,suspicious_action,0
14,Thursday,login,0
5,Tuesday,login,0
21,Wednesday,file_upload,0
16,Thursday,suspicious_action,0
23,Saturday,logout,0
5,Sunday,file_upload,0
18,Monday,login,0
1,Saturday,login,0
14,Saturday,login,1
10,Sunday,suspicious_action,0
7,Monday,suspicious_action,0
18,Saturday,file_upload,0
12,Thursday,logout,1
11,Thursday,file_upload,0
4,Thursday,file_download,0
5,Monday,login,0
21,Saturday,login,0
3,Monday,login,0
18,Thursday,file_upload,0
19,Sunday,file_upload,0
0,Saturday,login,0
19,Saturday,file_upload,0
16,Friday,suspicious_action,0
11,Friday,suspicious_action,0
